4. Crisisplan 2023-2026.PDF;Crisisplan 2023-2026 Veiligheidsregio IJsselland;Crisisbeheersing en Veiligheid;;Veiligheidsregio IJsselland, Brandweer, GHOR, Politie, Bevolkingszorg;Politiewet (2012), Wet veiligheidsregio’s (2010), Besluit veiligheidsregio’s (2010), Besluit personeel veiligheidsregio’s (2010), Wet publieke gezondheid (2008), Gemeentewet (1992);
Adviesrapport Rabo Theater De Meente - dd. 30-05-2022.pdf;Adviesrapport ontwikkeling Meeting Center Rabo Theater De Meenthe;Commerciële exploitatie en zaalverhuur;2022-05-30;Rabo Theater De Meenthe, Onemeeting Services B.V., The Onemeeting Company B.V., Onemeeting.com, Han Evers, Maarten Geurtse, Saviëlle Roemeling, Ingrid van der Wal-Koek, Fletcher Hotel Restaurant Steenwijk, Fletcher Hotel Restaurant De Eese-Giethoorn, Van der Valk Wolvega;Beleidsnota april 2019 van Rabo Theater De Meenthe;
Begroting in een oogopslag 2025.pdf;Programmabegroting 2025 in één oogopslag Veiligheidsregio IJsselland;Begroting Veiligheidsregio IJsselland;;Veiligheidsregio IJsselland, Meldkamer Oost-Nederland, Het Rijk;;
Beheersverordening Buitengebied Steenwijkerland 2014.pdf;Beheersverordening Buitengebied Steenwijkerland 2014;Beheersverordening / Agrarisch beleid;;Buitengebied Steenwijkerland, Agrarische bedrijven, Veehouderijbedrijven;Voorheen geldende bestemmingsplannen;
Beleidsnotitie Participatie onder de Omgevingswet.pdf;Beleidsnotitie Participatie onder de Omgevingswet;Omgevingswet;;Gemeenteraad, College, Initiatiefnemers;Visie op (inwoners) participatie, Participatieverordening;
Beleidsplan Beheer en Onderhoud Wegen Paden (beleidsplan).pdf;Beleidsplan Beheer en Onderhoud Wegen & Paden;Infrastructuur en Wegen;;CROW;Grondwet, Burgerlijk Wetboek, Wegenwet, Omgevingswet, Actieplan veilige bermen;
Beleidsplan Schuldhulpverlening 2026-2029.pdf;Beleidsplan Schuldhulpverlening 2026-2029;Schuldhulpverlening;Onbekend;Sociaal Werk De Kop, Regionaal Bureau Zelfstandigen (RBZ), Kredietbank Nederland (KBNL), Vluchtelingenwerk, Rechtbank;Wet gemeentelijke schuldhulpverlening (Wgs), Faillissementswet, Gedragscode Schuldhulpverlening, Actieplan Schuldhulpverlening 2021 -2024, Wet Inburgering 2021, Nationaal Plan Armoede en Schulden (NPAS), Basisdienstverlening Schuldhulpverlening;Vollenhove
Beleidsplan_Onderhoud_Vastgoed 11-11-25.pdf;Beleidsplan onderhoud maatschappelijk vastgoed;Onderhoud maatschappelijk vastgoed;2025-11-11;Schoolbestuur, Planon;Meerjarenonderhoudsplan (MJOP), NEN 2767;
Beleidsvisie Openbare Verlichting (beleidsvisie).pdf;Beleidsvisie openbare verlichting Gemeente Steenwijkerland;Openbare Verlichting;;Provincie Overijssel, Bureau Licht en Donker Advies, Gemeente Steenwijkerland;;
Beleidsvisie Openbare Verlichting (publieksversie).pdf;Beleidsvisie Openbare Verlichting;Openbare Verlichting;;Provincie Overijssel, 17 andere Overijsselse gemeenten, Nederlandse Praktijkrichtlijn (NPR), Nederlandse Stichting voor Verlichtingskunde (NSVV), Netbeheerders, Noordoostpolder, De Weerribben en De Wieden, Woldberg;Beleidsvisie 'Zo verlichten wij in Overijssel', Vorig beleidsplan, Bijlage B: Participatie;
Berekening lasten museum en bibliotheek juli 2024.pdf;Financiële berekening lasten museum en bibliotheek;Financiën / Vastgoed;2024-07-01;Bibliotheek aan de Markt, Museum Spijkervetstallen, DUMAVA;;Steenwijk Centrum / Binnenstad
Beschikking - Omgevingsvergunning - Gagelsweg 25, Steenwijk - 20240423 (geanonimiseerd).pdf;Omgevingsvergunning voor het plaatsen van drie zonnecarports aan de Gagelsweg 25;Omgevingsvergunning;2024-04-23;Rechtbank Overijssel, Gemeente Steenwijkerland, Netwerk Groene Bureaus, Gagelsweg 25, 8331 CM Steenwijk;Bestemmingsplan Steenwijk & Tuk, Tijdelijk deel omgevingsplan Steenwijkerland, Aanvraag omgevingsvergunning d.d. 6 maart 2024 (Z2024-00001937);De Gagels, Tuk
Beschikking Afdeling bestuursrechtspraak Raad van State inzake termijnverlenging Tuk -Tukseweg 136.pdf;Beschikking Raad van State inzake termijnverlenging Tukseweg 136 te Tuk;Bestemmingsplan;2022-06-15;Raad van State, Afdeling bestuursrechtspraak, gemeente Steenwijkerland, P.C. ter Haar, PTH Trading, mr. drs. B.P.M. van Ravels, mr. R.I.Y. Lap, Tukseweg 136;tussenuitspraak van 30 maart 2022, in zaak nr. 202104917/1/R3, bestemmingsplan Bedrijventerreinen;Tuk
Bestemmingsplan Lakeweg 7 en 8, IJsselhamReactienota zienswijze.pdf;Reactienota zienswijzen ontwerpbestemmingsplan Lakeweg 7 & 8 IJsselham;Bestemmingsplan;2023-01-12;Waterschap Drents Overijsselse Delta, Sander Wennemers, Furkan Adigüzel, Team Samenleving en Ontwikkeling, Zwolle;ontwerpbestemmingsplan Lakeweg 7 & 8 IJsselham, uitgangspuntennotitie;Ijsselham
Bestemmingsplan Lakeweg 7 en 8_ontwerp_1_Bijlagen_compressed.pdf;Rapportage Kwaliteitsimpuls Groene Omgeving Lakeweg 7;Bestemmingsplan;2022-04-07;Fons Rensen, R.S. Bos, J. Fleer, Provincie Overijssel;;Ijsselham
Bestemmingsplan Lakeweg 7 en 8_ontwerp_1_Regels.pdf;Regels ontwerp bestemmingsplan Lakeweg 7 en 8;Bestemmingsplan;;Lakeweg 7 en 8, Gemeente Steenwijkerland, College van burgemeester en wethouders;NL.IMRO.1708.ISHLakeweg7en8BP-ON01, Erfgoedwet;
Bestemmingsplan Lakeweg 7 en 8_ontwerp_1_Toelichting.pdf;Ontwerp bestemmingsplan Lakeweg 7 en 8;Bestemmingsplan;2022-06-01;BJZ.nu, Waterschap Drents Overijsselse Delta;m.e.r. besluit, Uitgangspuntennotitie Waterschap Drents Overijsselse Delta, KGO-investering;
Bestemmingsplan ontwerp.pdf;Ontwerp bestemmingsplan Vollenhoofsedijk 2 te Blokzijl;Bestemmingsplan;2023-12-04;Fam. De Boer, Kleine Camping De Duin, Mestemaker Architecten, Vollenhoofsedijk 2;;Blokzijl
Bestemmingsplan verbeelding_20220303-A3.pdf;Verbeelding bestemmingsplan Steenwijk - Ruxveenseweg 2;Bestemmingsplan;2023-01-09;Rho Adviseurs, K. Heijmeriks, Ruxveenseweg, Zuidveenseweg;NL.IMRO.1708.STWRuxveenseweg2-VAS1;
Bestuursrapportage GGD IJsselland najaar 2022.bijlage begrotingswijziging 2022-1.pdf;Eerste begrotingswijziging 2022 GGD IJsselland;Begrotingswijziging GGD IJsselland;;GGD IJsselland, Rijk;Corsa G22.000976;
Bestuursrapportage GGD IJsselland najaar 2022.bijlage document.pdf;Bestuursrapportage GGD IJsselland najaar 2022;Zienswijze GR;2022-10-13;GGD IJsselland, Ministerie van VWS, RIVM, Veiligheidsregio, GHOR;Financiële verordening GGD IJsselland, Programmabegroting 2022, Begrotingswijziging 2022/1, Ontwikkelingenbrief van januari 2022;
Bestuursrapportage GGD IJsselland najaar 2022.brief aan raden.pdf;Aanbieding eerste begrotingswijziging en bestuursrapportage najaar 2022 GGD IJsselland;Zienswijze GR GGD IJsselland;2022-09-29;GGD IJsselland, Ministerie van VWS, Rijk, Christine Hoogenboom, Jeroen Homburg, A.M. (Rianne) van den Berg, Zwolle, Deventer;Programmabegroting 2022, Eerste begrotingswijziging 2022 GGD IJsselland, Bestuursrapportage najaar 2022, Wet gemeenschappelijke regelingen, Ontwikkelingenbrief van januari 2022;
Bestuursrapportage voorjaar 2023 GGD IJsselland.pdf;Bestuursrapportage voorjaar 2023 GGD IJsselland;Publieke gezondheid;2023-04-19;GGD IJsselland, Samenwerkende Gemeentelijke Organisaties, Ministerie van VWS, Veiligheidsregio IJsselland, GGD GHOR Nederland, VNG, Rijk;Programmabegroting 2022, Programmabegroting 2023, Kadernota 2024, Bestuursagenda publieke gezondheid 2023-2027, Agenda publieke gezondheid 'Beweging vanuit eigen regie', Versterking Infectieziektebestrijding en pandemische paraatheid GGD 'en';
Bestuursrapportage voorjaar 2023_Begrotingswijziging 2023-1 GGD IJsselland.pdf;Eerste begrotingswijziging 2023 GGD IJsselland;Begroting GR;;GGD IJsselland;Corsa G23.000354;
Bestuursrapportage voorjaar 2023_oplegger.pdf;Bestuursrapportage voorjaar 2023;Bestuursrapportage en begroting GGD IJsselland;2023-05-17;GGD IJsselland, Astrid Schulting, Michiel van Willigen, Rijk, Dalfsen, Deventer, Hardenberg, Kampen, Olst-Wijhe, Ommen, Raalte, Staphorst, Zwartewaterland, Zwolle;Programmabegroting 2023, Ontwerp-Programmabegroting 2024, Financiële verordening GGD IJsselland, Begrotingswijziging 2023/1, Brief aan gemeenteraden;
Bijlage - Aanvullend bodemonderzoek.pdf;Aanvullend bodemonderzoek Roekebosscheweg 3a te Wanneperveen;Bodemverontreiniging;2022-12-13;Inventerra, Omgevingsdienst, Roekebosscheweg 3a, Kadastrale gemeente Brederwiede, Normec Certifications, TÜV Nederland;Verkennend bodemonderzoek (rapport 22-2050-RO1AvH, d.d. 7 april 2022);Wanneperveen
Bijlage - ecologische quickscan De Pol 18b.pdf;Quickscan Flora & Fauna De Pol 18b;Woningbouw;2021-11-11;RooBeek Advies, Alcedo Natuurprojecten, De Pol 18b;;De Pol, Baars en de Bult
Bijlage - Overzicht aan huis gebonden beroepen en of bedrijven.pdf;Overzicht aan huis gebonden beroepen en bedrijven;Aan huis gebonden beroepen en bedrijven;;Kamers van Koophandel;;
Bijlage - Quickscan flora en fauna.pdf;Quickscan Wet natuurbescherming Roekebosscheweg 3a te Wanneperveen;Wet natuurbescherming;2022-03-09;BLOM ECOLOGIE, Buro SRO Oost B.V., Natuurgebied 'de Wieden';;Wanneperveen
Bijlage - Regiovisie Huiselijk Geweld en Kindermishandeling (def).pdf;Regiovisie IJsselland Huiselijk Geweld en Kindermishandeling;Huiselijk Geweld en Kindermishandeling;Onbekend;Regio IJsselland;Regiovisie Huiselijke Geweld en Kindermishandeling 2021 - 2024, Toekomstbeeld 2030 Samen tegen huiselijk geweld - Lokaal sterk, Hervormingsagenda Jeugd, Toekomstscenario Kind- en Gezinsbescherming, Leidraad Werken aan Veiligheid, Aanpak Voorkomen Escalatie (AVE);
Bijlage - Regiovisie Jeugdhulp IJsselland 2026-2031.pdf;Regionale visie Jeugdhulp IJsselland 2026-2031;Jeugdhulp;2025-10-10;RSJ IJsselland, Michiel van Willigen, GGD, Gecertificeerde Instellingen, Commissie Van Ark;Kinderrechtenverdrag, Hervormingsagenda Jeugd, Wet verbetering beschikbaarheid jeugdzorg, Jeugdwet, Regionale uitvoeringsagenda;
Bijlage - verkennend bodemonderzoek De Pol 18b.pdf;Verkennend milieukundig bodemonderzoek De Pol 18b;Woningbouw;2021-11-04;;;De Pol
Bijlage - Verkennend bodemonderzoek.pdf;Verkennend bodemonderzoek Roekebosscheweg 3a te Wanneperveen;Bestemmingswijziging en nieuwbouw;2022-04-07;Inventerra, Buro SRO, Normec Certification, TÜV Nederland, Roekebosscheweg 3a;;Wanneperveen
Bijlage - voorbeeld nen 2767 rapport en MJOP Brandweerkazerne Giethoorn.pdf;Inspectierapport Brandweerkazerne Giethoorn;Vastgoedonderhoud;2024-04-05;Jeroen Veldhuizen, Bartus Warnersweg 1, Brandweer;;Giethoorn
Bijlage - Voortoets stikstofdepositie .pdf;Voortoets stikstofdepositie Roekebosscheweg, Wanneperveen;Stikstof;2023-01-30;Natura 2000;;Wanneperveen
Bijlage 1 - Grondtekening (ingezoomd).pdf;Grondtekening mogelijke opstelling windturbines percelen Oldemarkt e.o.;Windturbines;2023-12-14;S.G. Zwerver, De Lende, Jonkers- of Helomavaort, Driewegsluis;;Oldemarkt, Ossenzijl
Bijlage - Voortoets stikstofdepositie.pdf;AERIUS Projectberekening nieuwbouw woning De Pol 18b;Stikstof;2023-04-13;Natura 2000, Löhnislaan;;De Pol
Bijlage - Watertoets (1).pdf;Digitale Watertoets;Watertoets;2022-03-28;Waterschap Drents Overijsselse Delta;Wet ruimtelijke ordening (Wro), waterbeheerplan 2016-2021, Water Raakt!, De Keur, verbreed gemeentelijke rioleringsplan (vGRP);
Bijlage - Watertoets.pdf;Resultaat Digitale Watertoets;Watertoets;2021-11-12;Waterschap Drents Overijsselse Delta;;
Bijlage - Wel of geen staatsteun (rechtmatigheid)- Advies Helpdesk decentraal Europa.pdf;Juridisch advies over staatssteun en Wet Markt en Overheid bij renovatie congresvoorziening theater;Staatssteun;;Kenniscentrum Europa decentraal, Theater de Meenthe, Onemeeting;Financiële verordening 2018 Steenwijkerland;
Bijlage 1  Archeologisch onderzoek.pdf;Bureauonderzoek en inventariserend veldonderzoek Jan Steenstraat Steenwijk;Archeologisch onderzoek;2021-08-01;Lycens B.V., Stichting Woonconcept, Gemeente Steenwijkerland, Jan Steenstraat, Maaike van Benthem, M. Soldaat, A.G.J. Hullegie, A.M. Bakker, H. Kroes-Nawijn;;
Bijlage 1 - Concept Modelwijzigingsbesl BenW opheffing RSJ en 7e wijzi GR GGD.pdf;Modelbesluit opheffing RSJ IJsselland en 7e wijziging GR GGD IJsselland;Gemeenschappelijke regelingen;2025-07-10;GGD IJsselland, RSJ IJsselland, Regionaal Serviceteam Jeugd, Dalfsen, Deventer, Hardenberg, Kampen, Olst-Wijhe, Ommen, Raalte, Staphorst, Steenwijkerland, Zwartewaterland, Zwolle, Provincie Overijssel;Gezamenlijke voorstel van het dagelijks bestuur van GGD IJsselland en het bestuur van RSJ IJsselland d.d. 10 juli 2025, Notitie 'Samen robuust' - Uitwerking richtinggevend bestuursbesluit tot verkenning fusie RSJ en GGD IJsselland (versie 9 april 2025), Concept-liquidatieplan d.d. 9 april 2025 voor het Regionaal Serviceteam Jeugd IJsselland;
Bijlage 1 - Jaarstukken 2024 GGD IJsselland.begeleidende brief gemeenteraden.pdf;Begeleidende brief Jaarstukken 2024 GGD IJsselland;Gemeenschappelijke Regeling (GR) GGD IJsselland;2025-04-23;GGD IJsselland, Dagelijks bestuur GGD IJsselland, Algemeen bestuur GGD IJsselland, Gedeputeerde Staten van de provincie Overijssel, Ministerie van VWS, Commissie BBV, Astrid Schulting (directeur Publieke Gezondheid), Jeroen Homburg;Jaarstukken 2024 (Jaarverslag en Jaarrekening), Programmabegroting 2026, Managementletter over 2024, Wet gemeenschappelijke regelingen (Wgr), Besluit Begroting en Verantwoording provincies en gemeenten (BBV);
Bijlage 1 - Landschappelijk inpassingsplan.pdf;Beplantingsplan familie ten Klooster aan de Oldemarktseweg 103;Landschappelijke inpassing;;Familie ten Klooster, Oldemarktseweg 103;;Steenwijkerwold en Witte paarden
Bijlage 1 - Notitie Samen robuust - voorstel overgang RSJ-GGD.pdf;Samen robuust - Uitwerking verkenning fusie RSJ en GGD IJsselland;Fusie RSJ en GGD IJsselland;2025-04-09;Regionaal Serviceteam Jeugd IJsselland (RSJ), GGD IJsselland, 11 IJssellandse gemeenten, Lysias Advies, Bastiaan Wallage (Van Benthem Keulen), Sander van Walsem (gemeente Kampen), Gemeente Kampen;Notitie: Naar robuuste regionale samenwerking! (26 november 2024), Hervormingsagenda jeugd, Toekomstscenario jeugd- en gezinsbescherming, Regiovisie;
Bijlage 1 - Op weg naar een nieuw museum in twee scenarios_def.pdf;Op weg naar een nieuw museum voor Steenwijkerland - Uitwerking twee scenario's;Cultuur en Erfgoed;2023-02-01;Stadsmuseum Steenwijk, Kermis- en Circusmuseum, Hildo Krop Museum, Historische Vereniging Steenwijk e.o., Galerie Steenwijk, Bureau De Wierde, Studio Louter, OPERA Amsterdam, Dijkoraad, RAAP, Find Asbestinventarisatie, Huls Architecten, Blueyard, Villa Rams Woerthe, Spijkervetstallen, Kasteel Toutenburg, Kuinderburcht;Haalbaarheidsonderzoek (2020), Masterplan 'Op weg naar een nieuw museum voor Steenwijkerland' (2021), Politieke Markt (14 december 2021), FARO-verdrag;Vollenhove, Blokzijl, Giethoorn
Bijlage 1 - Reactienota voorkeursrecht.pdf;Reactienota op zienswijzen bij concept raadsbesluit bevestiging voorkeursrecht;Windenergie en voorkeursrecht;;College van burgemeester en wethouders, Kadaster, Provincie, Natura 2000;Concept raadsbesluit bevestiging voorkeursrecht, Algemene wet bestuursrecht art. 4:8, Windladder (bijlage 1), Omgevingsbesluit artikel 9, Omgevingswet artikel 9;Oldemarkt, Ossenzijl, Ijsselham
Bijlage 1 - Studie unilocatie VO Stw.25.9.23_00.pdf;Studie Unilocatie Voortgezet Onderwijs Steenwijkerland;Onderwijshuisvesting;2023-09-25;Schoolbestuur Simant, RSG Tromp Meesters, Gemeente Steenwijkerland, Lijsterbesstraat 1;Raadsbesluit april 2021, Coalitieakkoord 2022-2026, SamenwerkingsOvereenKomst (SOK), Programma van Eisen (PvE);
Bijlage 1 - Verordening gecertificeerde instellingen.pdf;Subsidieverordening Gecertificeerde Instellingen Regio IJsselland;Jeugdbescherming en jeugdreclassering;2022-12-20;college van burgemeester en wethouders, RSJ IJsselland, Gemeente Dalfsen, Gemeente Deventer, Gemeente Hardenberg, Gemeente Kampen, Gemeente Ommen, Gemeente Olst-Wijhe, Gemeente Raalte, Gemeente Staphorst, Gemeente Zwartewaterland, Gemeente Zwolle, Nederlandse Zorg Autoriteit (NZA);voorstel van het college van 20 december 2022 kenmerk 2022-B&W_00953, Gemeentewet, Algemene wet bestuursrecht, Subsidieverordening Gecertificeerde Instellingen Regio IJsselland 2020-2022, Jeugdwet, Certificatieschema voor toetsing van het kwaliteitsmanagementsysteem van uitvoerende organisaties voor Jeugdbescherming en Jeugdreclassering, Toekomstscenario kind- en gezinsbescherming;
Bijlage 1 - voorkeursrecht besluit college van 9 januari 2024.pdf;Vestiging voorlopig voorkeursrecht op twaalf percelen te Oldemarkt;Voorkeursrecht (Windenergie);2024-01-09;Gemeente Steenwijkerland, Kadaster, De Lende, Ossenzijlerweg;Omgevingswet (artikel 9.1 lid 1 en 2), Algemene wet bestuursrecht (artikel 4:8);Oldemarkt
Bijlage 1 Aan de slag met het omgevingsplan.pdf;Aan de slag met het omgevingsplan;Omgevingsplan;2023-01-17;Vereniging van Nederlandse Gemeenten;;
Bijlage 1 aangepast_Landschapsplan en beplantingsplan achtergrondDwarsgracht 13 en 13a.pdf;Landschappelijk inpassingsplan en erfplan Dwarsgracht 13 en 13A;Woningbouw;2022-01-01;De Wieden;;Jonen en Dwarsgracht
BIJLAGE 1 Afdeling 8.4 Kostenverhaal Bouwactiviteiten.pdf;Omgevingsbesluit Afdeling 8.4 Kostenverhaal Bouwactiviteiten;Kostenverhaal;2024-01-01;Bevoegd gezag;Omgevingsbesluit, Wet waardering onroerende zaken, Bijlage IV;
Bijlage 1 bij  collegevoorstel vervolg scenarios vaststelling subsidies maatschappelijke organisaties.pdf;Uitwerking scenario's vaststelling subsidies maatschappelijke organisaties en accountantsverklaringen;Subsidies;;Theater De Meenthe, Stichting Sportservice Steenwijkerland, Zwembad Tolhekke, Scala, Bibliotheek, Gemeente Emmeloord, VNG;ASV 2018 (Algemene Subsidieverordening), Collegebesluit (eerdere afspraken De Meenthe), Collegebesluit (inzake samenstellingsverklaring Tolhekke), Artikel 4:23 AWB, Artikel 213a Gemeentewet;
Bijlage 1 bij aanbiedingsbrief Raden en Staten DB adviesnota ontwerpbegrotingswijziging 2021 en 2022.pdf;Ontwerpbegrotingswijziging 2021 en 2022;Begroting;2021-11-11;Dagelijks Bestuur, Algemeen Bestuur, Raden en Staten, Provinciale Staten, J.H. Bos, J.M. Vroomen, P.J. van Zanten, J. Badenhop, B. Meijer, M.W. Offinga, Omgevingsdienst (OD), Provincie;Begroting 2022 (vastgesteld 8 juli 2021), Duurzame begroting 2023, Projectplan Energie en Duurzaamheid 2022 - 2023 (ingestemd 7 oktober 2021), CAO SGO 2021-2022, Programma Samen Toekomstbestendig;
Bijlage 1 bij de regels - Aan huis gebonden beroepen enof ambachtelijke bedrijvigheid.pdf;Overzicht aan huis gebonden beroepen en ambachtelijke bedrijvigheid;Aan huis gebonden bedrijven;;Kamers van Koophandel;;
Bijlage 1 bij de toelichting - Akoestisch onderzoek.pdf;Akoestisch onderzoek wegverkeerslawaai Bergstein, Tuk;Woningbouw;2021-03-30;De Milieu adviseur, Witpaard, Ruben Beens, Bergstein, Wethouder Zeefatstraat, Wethouder Slootstraat, Spoorlijn Leeuwarden - Zwolle, Steenwijkerweg (N334), A32;;Tuk
Bijlage 1 Fietsplan Steenwijkerland - DEF01804023.pdf;Fietsplan Steenwijkerland 2024 - 2027;Mobiliteit;2023-04-17;HaskoningDHV Nederland B.V., Overijssel;Strategische Mobiliteitsvisie, Mobiliteitsagenda;Steenwijk Centrum / Binnenstad
Bijlage 1 Fietsplan Steenwijkerland.pdf;Fietsplan Steenwijkerland CONCEPT;Mobiliteit;2023-11-01;Provincie Overijssel;Strategische Mobiliteitsvisie, Mobiliteitsagenda, Fietsmonitor 2022;Steenwijk Centrum / Binnenstad
Bijlage 1 haalbaarheidsstudie herhuisvesting Bibliotheek  - 20240729.pdf;Haalbaarheidsonderzoek Bibliotheek aan de markt;Herhuisvesting Bibliotheek;2024-07-29;Gemeente Steenwijkerland, Bibliotheek, Historische Vereniging, De Galerie, Markt, Onnastraat;Visiedocument 'de tuinen van Steenwijk';Steenwijk Centrum / Binnenstad
Bijlage 1 Hemelwaterscheidingsgebied (Steenwijk).pdf;Kaart Hemelwaterscheidingsgebied (Steenwijk);Hemelwater- en grondwaterverordening;2019-05-14;R. Ligtenberg, Esri Nederland;;
Bijlage 1 Hemelwaterscheidingsgebied - overige kernen.pdf;Kaarten Hemelwater- en grondwaterverordening - overige kernen;Hemelwater- en grondwaterverordening;2019-05-14;Gemeente Steenwijkerland, R. Ligtenberg, Esri Nederland;;Oldemarkt, Kuinre, Ossenzijl, Steenwijkerwold en Witte paarden
Bijlage 1 Locatiestudie onderwijshuisvesting Vollenhove.pdf;Locatiestudie onderwijshuisvesting Vollenhove;Onderwijshuisvesting;2025-01-01;St Martinusschool, Stichting Aves, De Voorpoort, Stichting op Kop, Kindcentrum Het Kompas, Stichting Accrete, Sportvereniging V.E.N.O., De Burght, Belangenvereniging Vollenhove Stad (BVVS), KNVB, RCE;Integraal Huisvestingsplan Onderwijs (IHP) 2023, Motie gemeenteraad gezamenlijke huisvesting omgeving De Burght, Stadsvisie;Vollenhove
Bijlage 1 Onderzoeksrapport toetreding GR CO .pdf;Onderzoeksrapport toetreding GR Collectie Overijssel;Toetreding GR Collectie Overijssel / Historisch Archief;2025-03-31;GR Collectie Overijssel (CO), Historisch Centrum Overijssel (HCO), Henriëtte de Jong (directeur), Roel Lensen (gemeentearchivaris), Brigit Hoomans (Brigit Hoomans Informatie Advies), Marco de Graaf (gemeentesecretaris), Nationaal Archief, Deventer;Afstudeeronderzoek gemeentearchivaris (2016), Adviesrapport Brigit Hoomans (2018), Raadsbesluit voorbereiding toetreding (2018), Raadsinformatie staken toetreding (2021), Begroting 2025 -2028, Projectplan uitvoering onderzoek (januari 2025);
Bijlage 1 overzicht traces.pdf;Overzicht tracés (uitsnede Visiekaart);Infrastructuur;;;;
bijlage 1 Participatieverslag_Inloopbijeenkomst 7 april - Stadsvisie Steenwijk.pdf;Participatieverslag Inloopbijeenkomst stakeholders Stadsvisie Steenwijk;Stadsvisie;2025-04-07;Grote Kerk, A32, Zwolle, ondernemers, maatschappelijke organisaties, welzijnsinstellingen, coöperaties, wijkverenigingen;Stadsvisie Steenwijk;Steenwijk West, Steenwijk Centrum / Binnenstad
bijlage 1 plattegrond Blankenham.pdf;Plattegrond Blankenham;Plattegrond;;;;Blankenham
Bijlage 1 Rekenresultaten aanlegfase.pdf;AERIUS Projectberekening Aanlegfase Leeuwte 47;Stikstof;2023-05-02;BJZ.nu, AERIUS Calculator, Natura 2000, Leeuwte 47;Wet natuurbescherming;Moespot en Leeuwte, Sint Jansklooster
Bijlage 1 Toetsingskader Bultweg 33tm53.pdf;Toetsingskader ruimtelijke kwaliteit Bultweg 33 t/m 53;Ruimtelijke kwaliteit en welstand;;Bultweg 33 t/m 53, College van burgemeester en wethouders, Onafhankelijke adviescommissie, Gemeente Steenwijkerland;Wet algemene bepalingen omgevingsrecht (Wabo) artikel 2.10 lid 1d;De Pol, Baars en de Bult
Bijlage 1 van de toelichting.pdf;Nota van wijzigingen Bestemmingsplan Technische herziening Giethoorn;Bestemmingsplan;2024-04-23;Beulakerweg 23, Beulakerweg 165, Beulakerweg 55, Binnenpad 46, Binnenpad 54, Molenweg 35a, Sportlaan 20, Aerius;Bestemmingsplan Giethoorn (2017), Ontwerpbestemmingsplan Technische Herziening Giethoorn, Memo Stikstofemissie en depositie, Ecologisch Onderzoek;Giethoorn
Bijlage 1 Voorstel voor de kaders voor het Noodfonds Energie.pdf;Voorstel voor de kaders voor het Noodfonds Energie;Noodfonds Energie;;Kamer van Koophandel, Rijk, Provincie;Vitaliteitsfonds, Algemene subsidieverordening;
Bijlage 1- Agenda publieke gezondheid gezond samen leven.pdf;Bestuursagenda Publieke gezondheid 2023 - 2027;Publieke gezondheid;;GGD IJsselland, gemeenten in IJsselland, provincie, veiligheidsregio, zorg- en welzijnsorganisaties, omgevingsdiensten, waterschappen;Beweging vanuit eigen regie (2019-2023), Gezond en actief leven akkoord (GALA), Integraal Zorg Akkoord (IZA), programma Wonen, Ondersteuning en Zorg voor Ouderen (WOZO), Landelijke Gezondheidsnota (2018), Nationaal Preventieakkoord, aanpak mentale gezondheid;
Bijlage 1- Brief aan gemeenteraden toelichting op Programmabegroting 2023 GGD IJsselland (1).pdf;Toelichting op Ontwerp programmabegroting 2023 en meerjarenraming 2024-2026 GGD IJsselland;Zienswijze GR;2022-04-05;GGD IJsselland, Gemeenten regio IJsselland, Veiligheidsregio IJsselland, Rijk, RIVM, 113 Zelfmoordpreventie, drs. A.M. (Rianne) van den Berg (directeur Publieke Gezondheid);Programmabegroting 2023, Jaarstukken 2021, Ontwikkelingenbrief 2023, Financiële uitgangspunten Programmabegroting 2023, Programmabegroting 2022, Regionale programma 'Zelfmoord? Praat erover!';
Bijlage 1. Centrumregeling beschermd wonen en maatschappelijke opvang regio IJssel-Vecht.pdf;Centrumregeling beschermd wonen en maatschappelijke opvang regio IJssel-Vecht;Beschermd wonen en maatschappelijke opvang;;Gemeente Dalfsen, Gemeente Hardenberg, Gemeente Kampen, Gemeente Ommen, Gemeente Staphorst, Gemeente Steenwijkerland, Gemeente Zwartewaterland, Gemeente Zwolle (Centrumgemeente), Vereniging van Nederlandse Gemeenten (VNG), Rijksoverheid;Wet maatschappelijke ondersteuning 2015 (Wmo 2015), Wet gemeenschappelijke regelingen, Algemene wet bestuursrecht, Regiovisie beschermd wonen en maatschappelijke opvang 2022-2032, Norm van Opdrachtgeverschap (NvO);
Bijlage 1. Ecologische quickscan.pdf;QuickScan Flora en Fauna Brink Scheerwolde;Woningbouw;2019-04-08;Ruimte voor Advies, Provincie Overijssel, Brink;;Scheerwolde
Bijlage 1. Staat van bedrijfsactiviteiten.pdf;Staat van bedrijfsactiviteiten (Beheersverordening Buitengebied Steenwijkerland);Beheersverordening Buitengebied;2013-06-18;;Beheersverordening Buitengebied Steenwijkerland, Wet milieubeheer, Inrichtingen- en Vergunningenbesluit (IVB), Besluit externe veiligheid inrichtingen, Vuurwerkbesluit;
bijlage 10 Ruimtescan_Tuk Noord en Midden.pdf;Ruimtescan Woningbouw Tuk Noord en Midden;Woningbouw;2025-06-19;Ruimtewerk, bureau BVR, provincie Overijssel, Lars Haverkort, Michiel van der Meer, Ellis Brinkman, N334, Oldemarktsweg, spoorlijn Steenwijk en Wolvega;Afwegingskader wonen en werken Steenwijk 2040, 2024_RAAD_00068 De toekomst van wonen en werken in Steenwijk, Woonagenda Steenwijkerland 2022- 2026, Actualisatie Woondeal West-Overijssel 2025 t/m eind 2030, Regionale woonzorgvisie 2024-2026 West-Overijssel, Ambitiedocument, spoorzone Steenwijk 2040, stadsvisie van Steenwijk, woningbehoefte onderzoek 2021-2032, Verstedelijkingstrategie regio Zwolle, Omgevingsverordening provincie Overijssel, Overijsselse woonaanpak, Omgevingsvisie Overijssel, Waterschapsverordening, Position paper Water en Bodem sturend, Wet versterking regie volkshuisvesting, Nationale prestatieafspraken 2025-2035;Tuk
Bijlage 10a Memo_Uitkomsten_Veldonderzoek_Bodelaeke.pdf;Memo Aanwezigheid oerlaag Bodelaeke;Bodem en Water;2025-02-20;Arcadis Nederland B.V., Jan-Pieter Willemsen, Kees de Vries, Waterresort Bodelaeke, Praja Planbegeleiding, Gemeente Steenwijkerland, Grondradar B.V., Jonenweg, Cornelisgracht, Polder Giethoorn;Arcadis (2010), Arcadis (2024), Grondradar B.V. (2025);Giethoorn
Bijlage 10b Verkenning kwellengte en kwel door ontgraving Bodelaeke.pdf;Geohydrologische effecten waterpartij Bodelaeke;Geohydrologie en Waterbeheer;2024-11-20;Arcadis Nederland B.V., Jan-Pieter Willemsen, Praja planbegeleiding, Waterresort Bodelaeke, Waterschap Drents Overijsselse Delta, TNO, Deltares, Beulakerpolder, Cornelisgracht, De Wieden;Hydrologisch onderzoek De Wieden Fase 2 (Arcadis, 2022), Ondiepe storende laag Plan 'Bodelaeke' (Arcadis, 2010), Onderzoeksrapport Zandmeevoerende Wellen (Deltares, 2012);Giethoorn
bijlage 11 Ruimtescan_Bedrijventerrein Tuk.pdf;Ruimtescan Bedrijventerrein Tuk;Bedrijventerreinen en Ruimtelijke Ontwikkeling;2025-06-19;Ruimtewerk, Lars Haverkort, Michiel van der Meer, Kelley Zenderink, Ellis Brinkman, Provincie Overijssel, Regio Zwolle, Regio West-Overijssel, STEC Groep, Gemeente Meppel, Bureau BVR, CDA;Afwegingskader wonen en werken Steenwijk 2040, Verstedelijkingstrategie Regio Zwolle, Economische Agenda Steenwijkerland 2024-2026, Transitievisie Warmte, Omgevingsverordening provincie Overijssel, Omgevingsvisie provincie Overijssel, Programmeringsafspraken Bedrijventerreinen Regio West-Overijssel 2023 t/m 2026, Regiodeal Regio Zwolle 2024 – 2027, Waterschapsverordening, Position paper Water en Bodem sturend, Verkenning Ruimtebehoefte bedrijventerreinen, 2022 (STEC Groep), Schriftelijke vragen CDA - Economische prestaties Steenwijkerland (2) - beantwoording 20230516.pdf, Economische koers Steenwijkerland 2024;Tuk, Dolderkanaal
bijlage 12 Ruimtescan Woldmeenthe Noord.pdf;Ruimtescan Woldmeenthe Noord;Ruimtelijke ontwikkeling en woningbouw;2025-10-21;Ruimtewerk, Kelley Zenderink, Lars Haverkort, Steenwijker Aa, A32, NS-station, Natura 2000, NNN (Natuurnetwerk Nederland), Waterschap, Provincie, Rijk, Veiligheidsregio;Afwegingskader Wonen en Werken Steenwijk 2040, Catalogus gebiedskenmerken, Ondernemen met natuur & water, NOVEX;Woldmeenthe, Oostermeenthe, Tuk, Baars en de Bult, Steenwijkerwold en Witte paarden
bijlage 13 Ruimtescan Oostermeenthe-Zuid.pdf;Ruimtescan Oostermeenthe-Zuid;Woningbouw;2025-10-23;Gemeente Steenwijkerland, Kelley Zenderink, Lars Haverkort, Ruimtewerk, Waterschap, Provincie, Rijk, Natura 2000, A32, Intercity-station Steenwijk;Afwegingskader Wonen en Werken Steenwijk 2040, NOVEX;Oostermeenthe, Woldmeenthe, Steenwijk Centrum / Binnenstad
bijlage 14 Aanzet ontwikkelstrategie stadsvisie Steenwijk 4-11-2025.pdf;Ontwikkelstrategie Stadsvisie Steenwijk (1e aanzet);Stadsvisie en Ruimtelijke Ontwikkeling;2025-10-28;Spoorzone, De Kamp, Unilocatie, Zuidveen, Steenwijk Noord, Steenwijk Zuid, A32 corridor, Aa (stroomgebied), Provincie, Het Rijk, Regiogemeenten (Hardenberg, Meppel, Hoogeveen, Raalte, Kampen), Novex programma stationsomgevingen, Voetbalverenigingen Parallelweg, Bewonersvereniging, Steenwijk Vestingstad;Stadsvisie Steenwijk, Ambitiedocument spoorzone, Ruimtescans focusgebieden, Ruimtelijk Economische Bouwsteen 2040, Parapluplan (vastgesteld 5 november 2024), Maatregelenboek Stationsomgeving Steenwijk;Steenwijk Centrum / Binnenstad, Oostermeenthe, Tuk, Woldmeenthe
Bijlage 1_20241119 Plan van aanpak Stichting Woonwens Ossenzijl.pdf;Plan van aanpak Betaalbare tijdelijke huurwoningen Ossenzijl;Woningbouw;2024-11-19;Stichting Woonwens Ossenzijl, Werkgroep wonen Ossenzijl, Plaatselijk Belang Ossenzijl (PBO), Grouwels Vastgoed, Wetland Wonen, G.B. Kooijstraat, Provincie (Programma Leefbaar Platteland), Gemeentelijk woningbedrijf IJsselham;;Ossenzijl
Bijlage 1_BW besluit Tolhekke 2014.pdf;Accountantsverklaring Stichting zwembad 't Tolhekke;Subsidieverantwoording;2014-03-25;Stichting zwembad 't Tolhekke, Stichting Peuterspeelzalen Steenwijkerland, Accountantskantoor Reinders en Snijder, Henk Schuitemaker, Jan Knol, S.S. Weistra, Wethouder Van der Terp;Algemene Subsidieverordening Steenwijkerland (artikel 19 lid 3), Besluit inzake Stichting Peuterspeelzalen Steenwijkerland (januari 2013);
Bijlage 2  Verkennend bodemonderzoek.pdf;Verkennend bodemonderzoek Jan Steenstraat te Steenwijk;Woningbouw;2021-06-24;Woonconcept, Eco Reest BV, Jan Steenstraat, Eurofins Analytico B.V.;;
Bijlage 2 - Akoestisch onderzoek wegverkeerslawaai.pdf;Akoestisch onderzoek wegverkeerslawaai Oldemarktseweg 103, Steenwijkerwold;Woningbouw;2022-04-01;Oldemarktseweg 103, BJZ.nu;;Steenwijkerwold en Witte paarden
Bijlage 2 - Financiele toelichting congres Meenthe.pdf;Financiële toelichting Project congresvoorziening De Meenthe;Herontwikkeling / Congresvoorziening De Meenthe;Onbekend;Stichting de Meenthe, Gemeente Steenwijkerland, Onemeeting, VDW adviseurs, VSCD;Financiële verordening 2018 Steenwijkerland, Taxatierapport (VDW adviseurs), Businesscase (bijlage), Theater analyse systeem & jaarverslagen theaters (2019-2020);
Bijlage 2 - Grondtekening (uitgezoomd).pdf;Grondtekening mogelijke opstelling windturbines Oldemarkt;Windturbines;2023-12-14;S.G. Zwerver, Overlendepad, Kerspelweg, Markerbroekweg, Hagenbroekweg, Ossenzijlerweg, Weerdijk, IJsselhammerweg, Pad Driewegsluis, De Merriemaden, Gapenburg, Breeweersepad, Lindedijk, De Lende, Jonkers- of Helomavaort;;Oldemarkt
Bijlage 2 - tekst voorkeursrechtbeschikking.pdf;Bevestiging voorkeursrecht twaalf percelen ten behoeve van windenergieproject te Oldemarkt;Windenergie;2024-03-26;Gemeente Steenwijkerland, De Lende, Ossenzijlerweg;Grondtekening (bijlage 2), Perceellijst (bijlage 3);Oldemarkt
Bijlage 2 - Toelichting Modelbesl opheffing RSJ en 7e wijz GR GGD.pdf;Toelichting Modelbesluit opheffing GR RSJ en 7e wijziging GR GGD IJsselland;Gemeenschappelijke Regelingen;2025-04-09;GGD IJsselland, Regionaal Serviceteam Jeugd IJsselland (RSJ), Dalfsen, Deventer, Hardenberg, Kampen, Olst-Wijhe, Ommen, Raalte, Staphorst, Steenwijkerland, Zwartewaterland, Zwolle, Gedeputeerde staten van de provincie Overijssel;Notitie ‘Samen robuust’ (versie 9 april 2025), Concept liquidatieplan RSJ, Wet verbetering beschikbaarheid Jeugdzorg, Wet gemeenschappelijke regelingen, Jeugdwet, Wet publieke gezondheid, Aanbestedingswet 2012;
Bijlage 2 - Wijzigingsoverzicht subsidieverordening GI.pdf;Wijzigingsoverzicht subsidieverordening GI's;Jeugdzorg;;College, Gecertificeerde Instellingen (GI's), RSJ IJsselland, Nederlandse Zorg Autoriteit (NZA), Regio Twente;Jeugdwet, Toekomstscenario kind- en gezinsbescherming;
Bijlage 2 - Windladder.pdf;Toelichting bij de Overijsselse windladder;Windenergie;2022-11-01;Provincie Overijssel, Natura 2000, NNN-gebieden;Provinciale Omgevingsvisie 2022, Omgevingsverordening 2022, RESsen 1.0, Catalogus Gebiedskenmerken;
Bijlage 2 bij aanbiedingsbrief Raden en Staten overzicht financiele gevolgen en verdeling deelnemers.pdf;Financiële gevolgen ontwerpbegrotingswijziging 2021 en 2022;Financiën en Begroting;;Algemeen Bestuur, Dagelijks Bestuur (DB), Gemeente Dalfsen, Gemeente Deventer, Gemeente Hardenberg, Gemeente Kampen, Gemeente Olst-Wijhe, Gemeente Ommen, Gemeente Raalte, Gemeente Staphorst, Gemeente Steenwijkerland, Gemeente Zwartewaterland, Gemeente Zwolle, Provincie Overijssel, Omgevingsdienst (OD);Ontwerpbegrotingswijziging 2021 en 2022, Programma Samen Toekomstbestendig, CAO SGO 2021-2022;
Bijlage 2 bij de regels - Nota parkeernormen.pdf;Nota Parkeernormen 2015 gemeente Steenwijkerland;Parkeren;2017-11-21;CROW, Centraal Bureau voor de Statistiek (CBS);Reparatiewet BZK 2014, ASVV 2012, CROW-publicatie 317;Steenwijk Centrum / Binnenstad, Oldemarkt, Onna, Vollenhove
Bijlage 2 bij de regels - Overzicht huis verbonden beroepen (1).pdf;Overzicht aan huis gebonden beroepen en bedrijven;Ruimtelijke ordening;;Kamers van Koophandel;;
Bijlage 2 bij de regels - Overzicht huis verbonden beroepen.pdf;Overzicht aan huis gebonden beroepen en bedrijvigheid;Bestemmingsplan / Aan huis gebonden beroepen;;Kamers van Koophandel;;
Bijlage 2 bij de toelichting - Bodemonderzoek.pdf;Verkennend bodemonderzoek Bouwplan Bergstein te Tuk;Woningbouw;2021-03-15;Bouwplan Bergstein, Woonconcept, Eco Reest BV, Eurofins Analytico B.V., KIWA;;Tuk
Bijlage 2 Financiele.bijlage.pdf;Financiële bijlage scholenbouw en locatieontwikkeling Vollenhove;Onderwijshuisvesting;Onbekend;St Martinusschool, De Voorpoort, Kompas, KDV, Schoolbesturen, V.E.N.O., VVVV, De Burght;Integraal Huisvestingsplan (IHP), PPN 2025-2029;Vollenhove
Bijlage 2 Kaart ligplaatsverbod.pdf;Kaart ligplaatsverbod vaar- en verhuurbedrijven Giethoorn Zuid;Ligplaatsverbod;2020-08-27;S.G. Zwerver, Bovenwijde, Cornelisgracht, Binnenpad, Beulakerweg, Vosjacht;Tekening 13-00-BH0007_1;Giethoorn
BIJLAGE 2 Kostenverhaal Kostensoortenlijst.pdf;Kostensoortenlijst Omgevingsbesluit;Kostenverhaal;2024-01-01;gemeente, provincie, Staat;Omgevingsbesluit, Omgevingswet;
Bijlage 2 Landschappelijke afweging randweg Blokzijl.pdf;Toelichting tracékeuze randweg Blokzijl;Infrastructuur;2025-11-12;Zuiderzee, Noordoostpolder, Vollenhoofsedijk, Kuinderdijk, Noorderdiep, Havenkolk, Kanaalweg, Provinciale weg N333, Vollenhoverkanaal, Polder Blokzijler Uiterdijken, Zuiderzeeweg;Stadsvisie Blokzijl, Bomeneffectanalyse, Eerdere studies/rapportages (financiële verkenning);Blokzijl
Bijlage 2 Meerjarenlanning Fiets 2024-2027.pdf;Investeringsplanning Fietsplan 2023;Fietsinfrastructuur;Onbekend;Provincie Overijssel, Rijk, BOR, SPV;Kernnet Fiets Overijssel, Verstedelijkingsstrategie, GOW 30km, Toekomstbeeld Gieterse Polder;Giethoorn, Oldemarkt, Oostermeenthe, Ossenzijl, Steenwijk Centrum / Binnenstad
Bijlage 2 Meerjarenplanning Fietsplan 2024-2027 incl. prio.pdf;Meerjarenplanning en prioritering Fietsplan 2024-2027;Fietsplan;2024-01-01;A32, Darp, DUV+V, Havelte, Heerenveen, Meppel, N334, Natura 2000, Rottige Meente, SPV, Weerribben, Zwolle;Kernnet Fiets, Knooppuntenroute, Verstedelijkingsstrategie;Giethoorn, Oldemarkt, Oostermeenthe, Ossenzijl, Paddenpoel en Kornputkwartier, Steenwijk Centrum / Binnenstad, Steenwijkerdiep, Vollenhove
bijlage 2 Participatieverslag_Inloopbijeenkomst 6 mei - Stadsvisie Steenwijk.pdf;Participatieverslag Inloopbijeenkomst Stadsvisie Steenwijk (6 mei 2025);Stadsvisie Steenwijk;2025-05-06;De Kamp;;Steenwijk Centrum / Binnenstad, Woldmeenthe
Bijlage 2 Rapport Museum spijkervetstallen - PvE, inpassingsstudie en financiële uitgangspunten - 20240729.pdf;Programma van Eisen en Inpassingsstudie Nieuw Museum Steenwijk in de Spijkervetstallen;Cultuur en Musea;2024-07-29;Stadsmuseum, Hildo Krop museum, Kermis- en Circusmuseum, Historische vereniging Steenwijk e.o., Galerie Steenwijk, Rijksdienst voor het Cultureel Erfgoed (RCE), Draaijer, Spijkervetstallen;Museumvisie ‘Op weg naar een nieuw museum in Steenwijkerland’, Bouwkundige, bouwhistorische en monumentale rapportages Spijkervetstallen en tuin, Technisch Programma van Eisen - vernieuwing museum in de Spijkervetstallen, Ontwerp inpassingsstudie - vernieuwing museum in de Spijkervetstallen, Energieadvies DUMAVA inclusief DUMO - vernieuwing museum in de Spijkervetstallen;Steenwijk Centrum / Binnenstad
Bijlage 2 Rekenresultaten gebruiksfase.pdf;AERIUS Projectberekening gebruiksfase Leeuwte 47;Stikstof;2023-05-02;BJZ.nu, De Wieden, AERIUS Calculator, Natura 2000;;Sint Jansklooster, Moespot en Leeuwte
Bijlage 2 van de regels - Staat van bedrijven.pdf;Bijlage 2: Staat van bedrijfsactiviteiten;Beheersverordening Buitengebied;2013-06-18;;beheersverordening Buitengebied Steenwijkerland, Wet milieubeheer, Inrichtingen- en Vergunningenbesluit (IVB), besluit externe veiligheid inrichtingen, vuurwerkbesluit;
Bijlage 2 van de toelichting - verkennend bodemonderzoek Jan van Nassauweg 12 Giethoorn.pdf;Verkennend bodemonderzoek Jan van Nassauweg 12 Giethoorn;Bestemmingsplanwijziging;2022-04-01;Jan van Nassauweg 12, Melkveebedrijf Batenburg, Rensen Milieu Advies, AvA Milieuonderzoek, Poelsema Veldwerkbureau, Zagros Zuivel;;Giethoorn
Bijlage 2 van de toelichting.pdf;Onderbouwing Beulakerweg 23;Ruimtelijke ontwikkeling;2023-07-25;Beulakerweg 23, Natura 2000;;Giethoorn
Bijlage 2 Voorstel voor de kaders voor het Duurzaamheidsfonds .pdf;Voorstel voor kaders voor Duurzaamheidsfonds;Duurzaamheid;;Kamer van Koophandel, Provincie Overijssel, Ontzorgingsprogramma Maatschappelijk Vastgoed, Sport NL Groen, College;Motie 2022-RAAD-00041 (Samen sterk: Integraal beleid voeren op accommodaties van (sport)verenigingen), ASV (Algemene Subsidieverordening);
Bijlage 2- Programmabegroting 2023 GGD IJsselland.pdf;Programmabegroting 2023 en Meerjarenraming 2024-2026 GGD IJsselland;Programmabegroting GGD;2022-04-01;GGD IJsselland, Gedeputeerde Staten van de provincie, Michiel van Willigen (Voorzitter), Rianne van den Berg (Secretaris);Ontwikkelingenbrief 2023, Bestuursagenda 'Beweging van uit eigen regie';
Bijlage 2- Uitwerking bijeenkomst 18 april 2023.pdf;Uitwerking bijeenkomst gezondheidsbeleid;Gezondheidsbeleid;2023-04-18;GGD IJsselland, woningbouwcoöperaties, huisartsen, GGD, GGZ, sociaal werk;gezondheidsmonitors van de GGD IJsselland;
Bijlage 2. AERIUS-berekeningen.pdf;AERIUS-berekening aanlegfase 11 woningen Scheerwolde;Stikstof;2020-01-21;Gemeente Steenwijkerland;;Scheerwolde
Bijlage 2. Toelichting centrumregeling beschermd wonen en maatschappelijke opvang regio IJssel-Vecht.pdf;Toelichting centrumregeling beschermd wonen en maatschappelijke opvang regio IJssel-Vecht;Beschermd wonen en maatschappelijke opvang;;Regio IJssel-Vecht, Gemeente Zwolle, Zwolse gemeenteraad, Rijk, Bestuurlijk overleg GR;Norm voor Opdrachtgeverschap (NvO), Dienstverleningsovereenkomst, Afspraken uit 2016;
Bijlage 2. Watertoets.pdf;Uitgangspuntennotitie Watertoets Kanaaldijk 5 Giethoorn;Bestemmingsplanwijziging;2021-06-21;Waterschap Drents Overijsselse Delta, Kanaaldijk 5, Provincie Overijssel, Provincie Drenthe;Waterbeheerplan 2016-2021, Beleidsnotitie stedelijk waterbeheer Water Raakt! (2015), Waterwet, Besluit ruimtelijke ordening (artikel 3.1.1);Giethoorn
bijlage 2.1  Ontwerp inpassingsstudie - vernieuwing museum in de Spijkervetstallen.pdf;Schetsontwerp locatie Kalverstraat 11 te Steenwijk;Vernieuwing museum;2024-07-26;Gemeente Steenwijkerland, ar|chitectuur, Arjon Ringerwöle, Kalverstraat 11, Spijkervetstallen;;Steenwijk Centrum / Binnenstad
bijlage 2.2 - Energieadvies DUMAVA inclusief DUMO - vernieuwing museum in de Spijkervetstallen.pdf;Energieadvies Spijkervetstallen;Verduurzaming en DUMAVA-subsidie;2024-05-29;Spijkervetstallen (Kalverstraat 11), Gemeente Steenwijkerland, Exploitatie Partners BV, Dijkoraad, D. Frikken, E.K.R. Rijpstra-Pranger, G. van den Berg, Bas Zomer;DUMO onderzoek Dijkoraad (Bijlage 2);Steenwijk Centrum / Binnenstad
Bijlage 2a - Modelwijzigingsbesluit BenW opheffing GR RSJ en 7e wijziging GR GGD - concept voorjaar 2025.pdf;Modelbesluit B&W opheffing GR RSJ IJsselland en 7e wijziging GR GGD IJsselland;Gemeenschappelijke Regelingen;2025-04-24;GGD IJsselland, RSJ IJsselland, Regionaal Serviceteam Jeugd, Provincie Overijssel, Dalfsen, Deventer, Hardenberg, Kampen, Olst-Wijhe, Ommen, Raalte, Staphorst, Steenwijkerland, Zwartewaterland, Zwolle;voorstel van het dagelijks bestuur van GGD IJsselland en het bestuur van RSJ IJsselland d.d. 24 april 2025, notitie ‘Samen robuust’ - Uitwerking richtinggevend bestuursbesluit tot verkenning fusie RSJ en GGD IJsselland (versie 9 april 2025), concept-liquidatieplan voor het Regionaal Serviceteam Jeugd IJsselland;
Bijlage 2b - Toelichting Modelbesluit opheffing RSJ en 7e wijziging GR GGD tbv besluit en zienswijze voorjaar 20.pdf;Toelichting Modelbesluit opheffing GR RSJ IJsselland en 7e wijziging GR GGD IJsselland;Zienswijze GR;2025-04-09;GGD IJsselland, Regionaal Serviceteam Jeugd IJsselland (RSJ), Provincie Overijssel (Gedeputeerde Staten), Gemeente Dalfsen, Gemeente Deventer, Gemeente Hardenberg, Gemeente Kampen, Gemeente Olst-Wijhe, Gemeente Ommen, Gemeente Raalte, Gemeente Staphorst, Gemeente Zwartewaterland, Gemeente Zwolle;Notitie 'Samen robuust' - Uitwerking richtinggevend bestuursbesluit tot verkenning fusie RSJ en GGD IJsselland (versie 9 april 2025), Concept liquidatieplan RSJ, Wet verbetering beschikbaarheid Jeugdzorg, Wet gemeenschappelijke regelingen, Wet publieke gezondheid, Jeugdwet, Aanbestedingswet 2012;
Bijlage 2cGGD - concept GR GGD IJsselland (met 7e wijziging).pdf;Concept Gemeenschappelijke Regeling GGD IJsselland;Zienswijze GR;2025-04-09;GGD IJsselland, Dalfsen, Deventer, Hardenberg, Kampen, Olst-Wijhe, Ommen, Raalte, Staphorst, Steenwijkerland, Zwartewaterland, Zwolle, Provincie Overijssel, RSJ Regionaal serviceteam jeugd;Wet gemeenschappelijke regelingen, Aanbestedingswet 2012, Algemene wet bestuursrecht, Jeugdwet, Wet Publieke Gezondheid, Wet Kinderopvang, Wet op de lijkbezorging, Gemeentewet;
Bijlage 2cRSJ - Liquidatieplan RSJ.pdf;Liquidatieplan RSJ IJsselland;Opheffing en liquidatie GR RSJ IJsselland;2025-04-04;GGD IJsselland, Regionaal Serviceteam Jeugd (RSJ) IJsselland, Michiel van Willigen, Dalfsen, Deventer, Hardenberg, Kampen, Olst-Wijhe, Ommen, Raalte, Staphorst, Zwartewaterland, Zwolle;7e wijziging GR GGD IJsselland, Collegevoorstel tot opheffing van de gemeenschappelijke regeling Bedrijfsvoeringsorganisatie Regionaal Serviceteam Jeugd IJsselland, Document 'Samen robuust', Gemeenschappelijke regeling RSJ IJsselland (artikel 26), Regiovisie, Hervormingsagenda jeugd;
Bijlage 2_Staturen__oorspronkelijk_WoonWens (geanonimiseerd).pdf;Oprichting en statuten Stichting WoonWens Ossenzijl;Sociale woningbouw;2024-05-02;Stichting WoonWens Ossenzijl, Em Marjan Klazien Kroek (notaris);;Ossenzijl
Bijlage 3  Activiteitenplan sloop.pdf;Activiteitenplan sloop complex 389.02, Steenwijk;Sloop en Woningbouw;2021-05-18;Woonconcept, Ecogroen bv, Rijksdienst voor Ondernemend Nederland, Zwolle;Wet natuurbescherming, Habitatrichtlijn, Flora- en Faunawet;
Bijlage 3 - Bodemonderzoek.pdf;Verkennend bodemonderzoek Oldemarktseweg 103 te Steenwijkerwold;Woningbouw;2022-05-31;Oldemarktseweg 103, BJZ.nu, Dumea Milieu, Terra Agribusiness, Normec;Vergunning Wet Milieubeheer 1997, Oprichtingsvergunning 1982, Aanvraag Wet Milieubeheer 2001;Steenwijkerwold en Witte paarden
Bijlage 3 - Brief aan colleges en raden toezending wijziging GR GGD en opheffing RSJ voor zienswijze april 2025.pdf;Onderbrengen RSJ IJsselland bij GGD IJsselland;Zienswijze GR;2025-04-24;GGD IJsselland, RSJ IJsselland, M.W.J. van Willigen, A. Schulting, G. Pruim;Notitie 'Samen robuust', Concept modelbesluit colleges tot opheffing van de GR RSJ IJsselland en de zevende wijziging van de Gemeenschappelijke regeling GGD IJsselland, Concept toelichting op het modelbesluit, Concept-versie aangepaste gemeenschappelijke regeling GGD IJsselland, Concept-liquidatieplan van RSJ IJsselland d.d. 4 april 2025, Wet elektronische publicaties (Wep);
Bijlage 3 - concept GR GGD IJsselland (met 7e wijziging) juli 2025.pdf;Concept Gemeenschappelijke Regeling GGD IJsselland (met 7e wijziging);Gemeenschappelijke Regelingen;2025-07-10;GGD IJsselland, RSJ, Dalfsen, Deventer, Hardenberg, Kampen, Olst-Wijhe, Ommen, Raalte, Staphorst, Zwartewaterland, Zwolle, Provincie Overijssel;;
Bijlage 3 - Grondtekening.pdf;Grondtekening percelen Oldemarkt e.o. inzake mogelijke opstelling windturbines;Windenergie;2023-12-14;S.G. Zwerver, Ossenzijlerweg, Markerbroekweg, Gapenburg, IJsselhammerweg, Overlendepad, Kerspelweg, Hagenbroekweg, Weerdijk, De Lende;;Oldemarkt
Bijlage 3 - Indiener 1 en 3 (1).pdf;Zienswijzen Indiener 1 en 3 inzake windmolens;Windenergie;;Indiener 1, Indiener 3;;
Bijlage 3 - Perceellijst.pdf;Perceellijst bij beslissing op bezwaar voorkeursrechtbeschikking;Voorkeursrechtbeschikking;2024-07-17;Gemeente Steenwijkerland, Bezwaarschriftencommissie, Martin Hageman, Bert Hageman, Coöperatieve Rabobank U.A., Aleida Christina Maria van den Hengel, Harm Thomas, De Diaconie Der Hervormde Gemeente Te Oldemarkt-Paasloo, De Kerkvoogdij Der Hervormde Gemeente Te Oldemarkt-Paasloo, Jacob van Veen, Willem van Veen, Frederik Martijn de Haan, Mattheus Bernardus Andreas ter Schure, Rob Bats, Annet ten Hoff;bijlage 5 - raadsbesluit voorkeursrecht 2024-RAAD-00010, bijlage 1 (grondtekening), bijlage 2 (grondtekening);Ijsselham, Oldemarkt, Paasloo en de Basse
Bijlage 3 - Publieksjaarverslag 2024.pdf;Publieksjaarverslag 2024 GGD IJsselland;Gezondheid en Zorg;2024-12-31;GGD IJsselland, Astrid Schulting, Michiel van Willigen, Proscoop, Ingrid van der Veen, Henk Bloten, 113 zelfmoordpreventie, Rob de Geest, Marleen Engelbarts, Gemeente Deventer, Go Ahead Eagles, De Stentor;Integraal Zorgakkoord (IZA), Gezond en Actief Leven Akkoord (GALA);
Bijlage 3 - Vergelijking 8 scenarios museumproject.pdf;Overzicht scenario's Museum Steenwijk;Museumproject;2022-09-01;Blueyard, Dijkoraad, Hildo Krop Museum, Historische Vereniging, Rams Woerthe, Spijkervetstallen, Stadsmuseum, VVV, Nationaal Park Weerribben Wieden;Masterplan nieuw museum (december 2021), Haalbaarheidsonderzoek, Ontwikkeling Stationsgebied, Visie impuls ontwikkeling deelgebied Binnenstad, Verstedelijkingsstrategie Steenwijk;Steenwijk Centrum / Binnenstad
Bijlage 3 Algemene uitgangspunten voor vertaling van de kaders naar een regeling.pdf;Uitgangspunten regeling Noodfonds en Duurzaamheidsfonds;Subsidies;;Maatschappelijke organisaties, Gemeenteraad, College van burgemeester en wethouders;Algemene subsidieverordening (ASV) gemeente Steenwijkerland 2018, Wet Markt en Overheid;
Bijlage 3 bij de toelichting - Ecologisch onderzoek.pdf;Quickscan Wet natuurbescherming nieuwbouw De Erfgenamen te Tuk;Woningbouw;2021-03-15;Woonconcept, Eco Reest BV, Provincie Overijssel, De Erfgenamen, Wethouder Zeefatstraat, Wethouder Slootstraat;;Tuk
Bijlage 3 Ligplaatsenkaart.pdf;Ligplaatsenkaart Woonschepenverordening Steenwijkerland;Woonschepen en Ligplaatsen;2008-12-11;D. Tromp, Banningh;Woonschepenverordening Steenwijkerland 2009;Kalenberg, Wanneperveen, Giethoorn, Blokzijl, Wetering, Groot Verlaat
bijlage 3 nota beantwoording zienswijzen deel1 algemeen definitief.pdf;Nota beantwoording zienswijzen Stadsvisie Steenwijk;Stadsontwikkeling en Woningbouw (Zienswijzen Stadsvisie);2025-10-01;College van B&W, Gemeenteraad, Regio Zwolle, Stedelijk Netwerk Nederland, Bureau Goudappel, Waterschap, Provincie, De Kamp, Spoorzone;Stadsvisie Steenwijk “Stad en Landschap dichtbij”, Afwegingskader wonen en werken, Woonagenda, Verstedelijkingsstrategie Regio Zwolle, Woningmarktonderzoek Steenwijkerland, Achtergrondrapport mobiliteit Stadsvisie Steenwijk, Ambitiedocument spoorzone;Steenwijk Centrum / Binnenstad, Woldmeenthe, Eeserwold, Tuk, Oostermeenthe
BIJLAGE 3 Overzicht kostenverhaal in de Omgevingswet.pdf;Overzicht kostenverhaal in de Omgevingswet;Omgevingswet;;;;
Bijlage 3 Rapport Gemeentearchivaris over mogelijke toetreding GR Collectie Overijssel.pdf;Rapport Gemeentearchivaris over toetreding GR Collectie Overijssel;Toetreding GR Collectie Overijssel;2025-03-13;Collectie Overijssel, Kermis- en Circusmuseum (KCM), Deventer, Zwolle, Roel Lensen (Gemeentearchivaris);Archiefwet 1995, Wet open overheid (WOO);Vollenhove, Blokzijl
Bijlage 3 Reactienota Fietsplan 20230330.pdf;Reactienota concept Fietsplan;Fietsplan / Mobiliteit;2023-03-30;Inwonerspanel Steenwijkerland, PBKH (Plaatselijk Belang Kalenberg-Hoogeweg), BVVS, V.E.N.O., Fietsersbond, VVN Steenwijkerland, Provincie Overijssel, Rijk, CROW, Otterskooi, Oude Kerkweg, Jonenweg, Truilpad, Hoogeweg, Meentheweg, Kalenbergerpad, Weerribben-Rottige Meente, Driewegsluis, Meenthebrug, Overlendepad, N761, Paardenmarkt, Gedempte Diep, Neerwoldstraat, Goeman Borgesiusstraat, Tukseweg, Noordwal, Bentepad, Vollenhoofsedijk, Oude Zuiderzeedijk, Weg van Twee Nijenhuizen;Kernnet Fiets Overijssel, Strategisch Plan Verkeersveiligheid 2030, Beleidsplan Openbare Verlichting, Fietsmonitor 2022, Rapport van de verkeerspsycholoog (Steenwijkerdiep), Strategische mobiliteitsvisie;Jonen en Dwarsgracht, Kalenberg, Giethoorn, Belt-Schutsloot, Oldemarkt, Ossenzijl, Steenwijk Centrum / Binnenstad, Steenwijkerdiep, Vollenhove, Tuk, Steenwijkerwold en Witte paarden, Blokzijl, Kuinre
Bijlage 3 Reactienota Fietsplan.pdf;Reactienota Fietsplan;Verkeer en Vervoer;Onbekend;Inwonerspanel Steenwijkerland, PBKH, BVVS, V.E.N.O., Fietsersbond, VVN Steenwijkerland, Provincie, Rijk, Otterskooi, Oude Kerkweg, Jonenweg, Truilpad, Hoogeweg, Meentheweg, Kalenbergerpad, Natuurverbinding Weerribben-Rottige Meente, Driewegsluis, Meenthebrug (Lange pad), Overlendepad, N761, Steenwijk Noord, Paardenmarkt, Neerwoldstraat, Goeman Borgesiusstraat, Tukseweg, Noordwal, Bentepad, Thij, Oude Zuiderzeedijk, Weg van Twee Nijenhuizen, Vollenhoofsedijk;Concept Fietsplan, Inrichtingseisen fietsvoorzieningen Kernnet Fiets Overijssel, Strategisch Plan Verkeersveiligheid 2030, Fietsmonitor 2022, Beleidsplan Openbare Verlichting, Rapport van de verkeerspsycholoog over het Steenwijkerdiep, Strategische mobiliteitsvisie, Landelijke ontwerprichtlijnen van het CROW;Jonen en Dwarsgracht, Kalenberg, Giethoorn, Belt-Schutsloot, Oldemarkt, Ossenzijl, Steenwijk Centrum / Binnenstad, Steenwijkerdiep, Vollenhove, Tuk, Steenwijkerwold en Witte paarden, Blokzijl, Kuinre
Bijlage 3 Rekenresultaten bestaande N-emissie veroorzakende activiteiten.pdf;AERIUS Projectberekening N-emissie Leeuwte 47, Sint Jansklooster;Stikstof;2023-05-02;BJZ.nu, AERIUS, Natura 2000, De Wieden;;Sint Jansklooster, Moespot en Leeuwte
Bijlage 3 TOE Update Aerius januari 2023.pdf;Memo Aeriuscalculatie Dwarssloot Oost 6, Zuidveen;Stikstof;2023-01-17;Dwarssloot Oost 6, Zuidveen, Bureau Biota, G. Milder-Mulderij, mw. Sollie-van 't Hag, Zuidema Omgevingsrecht, Provincie Overijssel;Wet Stikstofreductie en Natuurverbetering, Wet natuurbescherming, Toekomstbestendig parkeren (CROW, 2018), Checklist aanvraagvereisten vergunningaanvragen stikstof van de Provincie Gelderland;
Bijlage 3 van de toelichting - ecologische quickscan.pdf;Ecologische quickscan uitbreiding melkveehouderij Jan van Nassauweg 12 Giethoorn;Verduurzaming melkveehouderij;2022-02-25;Rensen Milieu Advies VOF, F. Rensen, Florauna Natuuradvies, Nicole Schuurmans, Jan van Nassauweg 12, Gemeente Steenwijkerland;Beheersverordening Buitengebied Steenwijkerland 2014;Giethoorn
Bijlage 3 van de toelichting.pdf;Onderbouwing Beulakerweg 165;Ruimtelijke ordening;2023-07-25;Beulakerweg 165;Watertoets Beulakerweg 165;Giethoorn
Bijlage 3- Brief zienswijze op programmabegroting 2023 en meerjarenraming 2024-2026 GGD IJsselland.pdf;Zienswijze ontwerp programmabegroting 2023 en meerjarenraming 2024-2026 GGD IJsselland;Zienswijze GR;2022-05-01;GGD IJsselland, Algemeen bestuur GGD IJsselland, Rijk, Colinde Heijink, Annet ten Hoff, Rob Bats;Brief 5 april 2022 (ontwerp programmabegroting), Ontwerp programmabegroting 2023 en meerjarenraming 2024-2026 GGD IJsselland, Landelijke coalitieakkoord 2021-2025 'Omzien naar elkaar, vooruitkijken naar de toekomst';
Bijlage 3- Uitwerking bijeenkomst 10 mei 2023.pdf;Uitwerking bijeenkomst gezondheidsbeleid Steenwijkerland;Gezondheidsbeleid;2023-05-10;Wethouder Trijn Jongman, De Meenthe, Stichting Regenboog Steenwijkerland, Tactus Verslavingszorg, Samen met Ana, Denktank 60+ Noord, Raad van Ouderen, GGD IJsselland, Sportservice Zwolle, Onwijs Vitaal leefstijl & Vitaliteit Coaching, Huisartsenpraktijk De Allee, Sociaal Werk de Kop, NoordWest Groep, RIBW Overijssel, Belangenvereniging Vollenhove Stad, Fysiotherapie de Bruijn, Irene’s coachpraktijk, De Kindervilla, Stichting Suïcidepreventie, Vrijwilligers Informatie Punt, Fysiotherapie Steenwijk, Vizier, Gezondheidscentrum de Allee, Stichting Jy, Adviesraad Sociaal Domein;Gezondheidsmonitor volwassenen en ouderen GGD IJsselland, Jongerenmonitor GGD IJsselland, Kindermonitor GGD IJsselland, Woningmarktonderzoek Steenwijkerland (2021-2031-2041), Peiling veiligheid (2022) van het inwonerspanel Steenwijkerland;
Bijlage 3. Erfinrichtingsplan.pdf;Erfinrichtingsplan agrarisch bedrijf aan de Kanaaldijk;Erfinrichting;;Kanaaldijk, Agrarisch bedrijf;;
Bijlage 3. Verkennend bodemonderzoek.pdf;Verkennend bodemonderzoek Brink 26 Scheerwolde;Woningbouw;2019-05-03;Grondslag BV, KIWA, Omgevingsdienst IJsselland, Provincie Overijssel, Gemeente IJsselham, Brink 20, Brink 22, Brink 24, Brink 26;;Scheerwolde
Bijlage 3a Rapportage Verkeersonderzoek zuidelijke ontsluiting Blokzijl samengevoegd.pdf;Verkeersonderzoek Zuidelijke ontsluiting Blokzijl;Verkeer en Infrastructuur;2025-11-12;Goudappel BV, Gemeente Steenwijkerland, Marknesserweg, Kanaalweg;Stadsvisie Blokzijl (concept), oktober 2024;Blokzijl
Bijlage 3b Ontwerpnota zuidelijke ligging ontsluitingsweg Blokzijl (1).pdf;Aanvullende nota zuidelijke ligging ontsluitingsweg Blokzijl;Infrastructuur en Verkeer;2025-11-12;Goudappel BV, Rico Andriesse, Zuiderzeeweg, Kanaalweg, Vollenhoofsedijk;Verkeersonderzoek Zuidelijke Ontsluiting Blokzijl, Bomen-effectanalyse (BEA), 022165.20251 104.T01.01.0 3-schetsvoorstel.pdf, Stadsvisie;Blokzijl
Bijlage 3c Ontwerpschets Goudappel.pdf;Schetsvoorstel zuidelijke rondweg Blokzijl;Infrastructuur;2025-11-12;Goudappel, Remon Siegel, Gemeente Steenwijkerland, Kanaalweg, Zuiderzeeweg, Vollenhoofsedijk, Scheepsdiep;;Blokzijl
Bijlage 3_uitnodiging en verslag inloopavond omwonenden.pdf;Uitnodiging en verslag inloopavond starters chalets Ossenzijl;Woningbouw;2024-05-22;Werkgroep Wonen, Plaatselijk Belang Ossenzijl, Dorpshuis de Slinger, Gemeente Steenwijkerland, Iris Nauta, Henny van Rij, Bas Broekhuizen, Jacob Plat, Jarno Rotink, Monique Rotink, Bertha Veenstra, Stichting WoonWens Ossenzijl, SBB, G.B. Kooijstraat, De Korten, Burg. van der Veenweg;Tijdelijk woonbesluit;Ossenzijl
Bijlage 4  Stikstofberekeningen.pdf;Adviesrapport Stikstofberekening verkaveling Jan Steenstraat, Steenwijk;Stikstof;2021-09-14;Woonconcept, Ecogroen bv, Jan Steenstraat, Natura 2000-gebied De Wieden, Natura 2000-gebied Weerribben, Natura 2000-gebied Holtingerveld, A. Gerritsma, A. Alberts, B. Reijner;;
Bijlage 4 - concept Lquidatieplan RSJ.pdf;Concept Liquidatieplan RSJ IJsselland;Opheffing Gemeenschappelijke Regeling;2025-04-09;RSJ IJsselland, GGD IJsselland, Michiel van Willigen, Gemeente Dalfsen, Gemeente Deventer, Gemeente Hardenberg, Gemeente Kampen, Gemeente Olst-Wijhe, Gemeente Ommen, Gemeente Raalte, Gemeente Staphorst, Gemeente Steenwijkerland, Gemeente Zwartewaterland, Gemeente Zwolle;Samen robuust, 7e wijziging GR GGD IJsselland, gemeenschappelijke regeling Bedrijfsvoeringsorganisatie Regionaal Serviceteam Jeugd IJsselland;
Bijlage 4 - Infoplaat_museumplan_DEFnw.pdf;Infoplaat Museumplan Kunst- en Erfgoedhuis;Museumplan;;Stadsmuseum Steenwijk, Hildo Krop Museum, Kermis- en Circusmuseum, Historische vereniging Steenwijk, Galerie Steenwijk;;
Bijlage 4 - Kerngegevens_2024_Steenwijkerland.pdf;Kerngegevens GGD IJsselland 2024 gemeente Steenwijkerland;Volksgezondheid en Zorg;2025-02-01;GGD IJsselland, Icebear, Regio IJsselland, Regio Oost;Begrotingen GGD IJsselland, Productenboek GGD IJsselland, WOO-verzoek Icebear, Voorstel GGD werkwijze bodemverontreinigingen PFAS, Handreiking arseen in bodem, GALA, IZA;
Bijlage 4 - Perceellijst.pdf;Perceellijst bij voorkeursrechtbeschikking;Vestiging voorkeursrecht;2024-01-08;College van burgemeester en wethouders, Kadaster, Coöperatieve Rabobank U.A., De Diaconie Der Hervormde Gemeente Te Oldemarkt-Paasloo, De Kerkvoogdij Der Hervormde Gemeente Te Oldemarkt-Paasloo, Gemeente Steenwijkerland, Marco de Graaf (gemeentesecretaris), Rob Bats (burgemeester);Voorkeursrechtbeschikking (besluit), Bijlage 1 (besluit), Bijlage 2 (grondtekening);Ijsselham, Oldemarkt, Paasloo en de Basse
Bijlage 4 - Quickscan natuurwaarden.pdf;Natuurtoets Oldemarktseweg 103, Steenwijkerwold;Woningbouw;2022-04-27;BJZ.nu, M. ten Klooster, S. van Staa, T. Dalderup, Oldemarktseweg 103;;Steenwijkerwold en Witte paarden
Bijlage 4 - Raadsbesluit 2024-RAAD-00010 inclusief bijlagen.pdf;Vestiging voorkeursrecht op 12 percelen in Oldemarkt;Voorkeursrecht;2024-03-26;College van burgemeester en wethouders, Kadaster, De Lende, Ossenzijlerweg;Voorstel van burgemeester en wethouders 2023-RAAD-00010 (06-02-2024), Collegebesluit voorkeursrechtbeschikking (09-01-2024);Oldemarkt
Bijlage 4 - Zienswijze indiener 2.pdf;Zienswijze voorkeursrecht voor windmolens;Windenergie;2024-02-29;Natura 2000, Energie coöperatie EN, Gemeenteraad Steenwijkerland;;Oldemarkt, Ossenzijl
Bijlage 4 bij de toelichting - Inrichtingstekening.pdf;Inrichtingstekening Wethouder Slootstraat / De Erfgenamen, Bergstein;Ruimtelijke inrichting;2022-12-16;Woonconcept, Roelofsgroep, Wethouder Slootstraat, De Erfgenamen, Bergstein, Wethouder Zeefatstraat, De Heerlijkheid, Tukseweg, Weldadigheid;;
BIJLAGE 4 Financiele bijdragen tbv gebiedsontwikkeling.pdf;Uittreksel Omgevingswet: Financiële bijdragen gebiedsontwikkeling;Gebiedsontwikkeling;2024-01-01;College van burgemeester en wethouders, Gedeputeerde staten, Minister van Binnenlandse Zaken en Koninkrijksrelaties;Omgevingswet;
bijlage 4 Nota beantwoording zienswijzen deel 2 zienswijzen en reacties gebundeld definitief .pdf;Nota van beantwoording zienswijzen deel 2;Zienswijzen Stadsvisie Steenwijk;Onbekend;CBS, Planbureau voor de Leefomgeving, Provincie Overijssel, Rijkswaterstaat, Waterschap, Theater De Meenthe, Poppodium De Buze, Bewonersvereniging binnen de Veste, Ondernemersvereniging Steenwijk Vestingstad, Bedrijventerrein Hooidijk, Bedrijventerrein Dolderweg, Station Steenwijk, Steenwijker Aa, Kanaal Beukers-Steenwijk;Stadsvisie, Ambitiedocument Spoorzone (2024), Woningmarkt-onderzoek (2025), Uitvoeringsagenda binnenstad Steenwijk, Lokale Inclusie agenda, VN verdrag Handicap, Wet Participatie Decentrale Overheden, Verstedelijkingsstrategie;Steenwijk Centrum / Binnenstad, Woldmeenthe, Oostermeenthe, Steenwijkerdiep, Ossenzijl
Bijlage 4 Onderzoeksrapport 2016 .pdf;Onderzoeksrapport Scenario's voor de toekomst van het gemeentearchief Steenwijkerland;Gemeentearchief;2016-03-01;Roel Lensen, Gemeentearchief Steenwijkerland, Nationaal archief, HCO;Archiefwet 1995, Wet Revitalisering Generiek Toezicht, Evaluatie raadsbesluit;
Bijlage 4 Rekenresultaten verschilberekening toekomstige gebruiksfase referentiesituatie.pdf;AERIUS Projectberekening verschilberekening Leeuwte 47;Stikstof;2023-05-02;BJZ.nu, De Wieden, Natura 2000;;Sint Jansklooster, Moespot en Leeuwte
Bijlage 4 richtlijnen monumentencommissie inclusief wijziging PV-panelen 2023 def.pdf;Richtlijnen/aandachtspunten welstands- en monumentencommissie versie 2023;Welstand en Monumentenzorg;2023-01-01;Welstands- en monumentencommissie, Gemeente, College van burgemeester en wethouders;;
Bijlage 4 Te slopen bebouwing en saneringsopgave.pdf;Te slopen bebouwing en saneringsopgave;Sloop en sanering;;;;
Bijlage 4- Addendum begroting GGD IJsselland 2023.pdf;Addendum begroting GGD IJsselland 2023;Begroting GGD IJsselland;2022-04-15;GGD IJsselland, Algemeen bestuur GGD, Dalfsen, Deventer, Hardenberg, Kampen, Olst-Wijhe, Ommen, Raalte, Staphorst, Zwartewaterland, Zwolle;Programma begroting 2023, Masterplan JGZ – Ontschotten financiering Jeugdgezondheidszorg, Begroting 2021, Begroting 2022;
Bijlage 4. Omvang recreatie activiteiten.pdf;Omvang recreatie activiteiten Hoeve Montigny;Recreatie;;Hoeve Montigny, Kanaaldijk 5;;Giethoorn
Bijlage 4a van de toelichting - Aerius gebruiksfase.pdf;AERIUS Projectberekening Melkveebedrijf Batenburg;Stikstof;2023-01-27;P.J. Aalberts, J.H. Bransma, Melkveebedrijf Batenburg, Jan van Nassauweg 12, De Wieden;;Giethoorn
Bijlage 4b van de toelichting - Aerius aanlegfase.pdf;Projectberekening AERIUS aanlegfase Jan van Nassauweg 12;Stikstof;2023-01-27;Melkveebedrijf Batenburg, Jan van Nassauweg, Natura 2000;;Giethoorn
Bijlage 5 - Aerius-berekening gebruiksfase.pdf;AERIUS-berekening gebruiksfase nieuwbouw woningen Oldemarktseweg 103;Stikstof;2022-11-10;M. ten Klooster, Oldemarktseweg 103, Natura 2000;;Steenwijkerwold en Witte paarden
Bijlage 5 - brief zienswijze raad Olst-Wijhe zienswijze taken RSJ naar de GGD.pdf;Zienswijze raad Olst-Wijhe over overheveling taken RSJ naar de GGD;Zienswijze GR;2025-06-23;Gemeente Olst-Wijhe, GGD IJsselland, RSJ IJsselland, Klaas-Jan Ritzema, Wethouder Compagner, Sietske Poepjes;Brief besturen GGD en RSJ (30 april), Vergadering Algemeen Bestuur (24 april), Raadsvergadering Olst-Wijhe (23 juni 2025);
Bijlage 5 - persbericht - College komt met aangescherpt Masterplan voor nieuw museum.pdf;College komt met aangescherpt Masterplan voor nieuw museum;Nieuw museum;2023-02-21;Wethouder Trijn Jongman, Spijkervetstallen, Stadsmuseum Steenwijk, Kermis- en Circusmuseum, Hildo Krop Museum, Historische Vereniging Steenwijk e.o., Galerie Steenwijk, Gasthuisstraat, Markt, Onnastraat, Kalverstraat, museumwerkgroep;Masterplan 'Op weg naar een nieuw museum in Steenwijkerland' (december 2021);Steenwijk Centrum / Binnenstad
Bijlage 5 - Programmabegroting 2026 GGD IJsselland.begeleidende brief gemeenteraden def.pdf;Begeleidende brief ontwerp-programmabegroting 2026 en meerjarenraming 2027-2029 GGD IJsselland;Zienswijze GR;2025-04-09;GGD IJsselland, Dagelijks bestuur GGD IJsselland, Algemeen bestuur GGD IJsselland, J. Homburg, Astrid Schulting, Rijk, Politie;Kaderbrief bij begroting 2026, Programmabegroting 2025, Jaarstukken 2024, Bestuursrapportage voorjaar 2025, Kadernota 2026;
Bijlage 5 - Windladder.pdf;Toelichting bij de Overijsselse windladder;Windenergie;2022-11-01;Provincie Overijssel, Natura 2000, NNN;Provinciale Omgevingsvisie 2022, Omgevingsverordening 2022, RESsen 1.0, Catalogus Gebiedskenmerken;
Bijlage 5 - Zienswijze indiener 4.pdf;Zienswijze tegen vestiging voorkeursrecht perceel IJsselham;Vestiging voorkeursrecht;2024-02-23;Benthem Gratama advocaten, Melkveebedrijf BEM, College van Burgemeester en Wethouders Steenwijkerland, Provincie Overijssel;Ontwerp raadsvoorstel d.d. 9 januari 2024, Besluit van het College d.d. 9 januari 2024, Brief gemeente d.d. 17 januari 2024, Bezwaarschrift tegen besluit College d.d. 9 januari 2024;Ijsselham
Bijlage 5 Boom effect analyse Zuiderzeeweg.pdf;Boom effect analyse (BEA) Zuiderzeeweg;Rondweg Blokzijl / Behoud en kap van bomen;2025-06-06;BOR cluster groen, circulariteit en biodiversiteit, C. Teurlinckx, A. ten Veen;Inspectie tekening (Bijlage 1), Advies m.b.t. bomen en groensingel Zuiderzeeweg van 15 januari (Bijlage 2);Blokzijl
bijlage 5 nota van wijziging Stadsvisie Steenwijk versie 28-10-2025.pdf;Nota van wijzigingen Stadsvisie Steenwijk;Stadsvisie;2025-10-28;CBS, Planbureau voor de Leefomgeving, Woldberg, Havelterberg, Wieden, Weerribben, Johan van den Kornput, Prins Maurits, Johan van den Kornputkazerne, Johannes Postkazerne, A32, Zuidveen, Rivier de Aa;Stadsvisie, woningmarktonderzoek (2025);Dolderkanaal, Eeserwold, Giethoorn, Groot Verlaat, Oostermeenthe, Paddenpoel en Kornputkwartier, Steenwijkerdiep, Tuk, Woldmeenthe
Bijlage 5 Onderzoeksrapport 2018 .pdf;Onderzoek en Advies Toekomst Gemeentearchief Steenwijkerland;Toekomst Gemeentearchief;2018-02-27;Brigit Hoomans, Historisch Centrum Overijssel (HCO), Gemeente Meppel, Gemeente Westerveld, Gemeente Zwolle, Gemeente Deventer, Het Rijk;Begroting gemeentearchief 2017;
BIJLAGE 5 Stappenplan voor een openbare selectieprocedure.pdf;Stappenplan voor een openbare selectieprocedure;Openbare selectieprocedure onroerende zaken;;Gemeente, College, Civiele rechter;;
Bijlage 5 van de toelichting - watertoets.pdf;Uitgangspuntennotitie Watertoets Jan van Nassauweg 12 te Giethoorn;Watertoets / Bedrijfsontwikkeling;;Batenburg, Waterschap Drents Overijsselse Delta, Provincie Overijssel, Provincie Drenthe;Waterbeheerplan 2016-2021, Beleidsnotitie stedelijk waterbeheer Water Raakt! (2015), Keur, Nationaal Bestuursakkoord Water (NBW), Stowa rapport 2015-10, Waterwet;Giethoorn
Bijlage 5- Weergave van wat we al doen in Steenwijkerland rondom de prioriteiten.pdf;Weergave van wat we al doen in Steenwijkerland rondom de prioriteiten;Gezondheid en Preventie;;Samen voor Ryan, Stichting Suïcidepreventie, Sjors Sportief en Creatief, Max Vitaal, Sam&Overijssel, Volwassenenfonds, Sociaal Werk De Kop, Tactus verslavingszorg, Het Alternatief (HALT), NIX 18;;
Bijlage 5. AERIUS verschilberekening.pdf;AERIUS verschilberekening Hoeve Montigny Kanaaldijk 5;Stikstof;2022-03-28;De Omgevingsadviseurs, Hoeve Montigny, Kanaaldijk 5, Dwingelderveld;;Giethoorn
Bijlage 5. Verslag informatieavond.pdf;Verslag informatieavond woningbouw Scheerwolde;Woningbouw;2019-01-17;Wetland Wonen Groep, Plaatselijk Belang Scheerwolde, Plaatselijk Belang Blankenham, Wethouder Scheringa, De heer Vaartjes, De heer Wittingen, De heer Bron, De Brink;;Scheerwolde, Blankenham
Bijlage 6 - Aerius-berekening aanlegfase.pdf;AERIUS-berekening aanlegfase Oldemarktseweg 103;Stikstof;2022-11-10;M. ten Klooster, Oldemarktseweg 103, Natura 2000;;Steenwijkerwold en Witte paarden
Bijlage 6 - Masterplan museum Steenwijk  Steenwijkerland.pdf;Masterplan op weg naar een nieuw museum in Steenwijkerland;Cultuur en Musea;2021-09-01;Studio Louter, OPERA Amsterdam, Hienke Alberts (Kwartiermaker Museumproject), Museumwerkgroep, Stadsmuseum Steenwijk, Hildo Krop Museum, Historische Vereniging Steenwijk en omgeving, Kermis- en Circusmuseum, Bureau de Wierde, Stichting Weerribben-Wieden, Markt, Spijkervetstallen, Villa Rams Woerthe, Hildo Krop;Haalbaarheidsonderzoek Bureau de Wierde (januari 2020), Programma Duurzaam Beleefbaar Toerisme, Uitvoeringsprogramma Binnenstad Steenwijk, Uitvoeringsprogramma Stationsgebied Steenwijk;Steenwijk Centrum / Binnenstad
Bijlage 6 - Raadsvoorstel 2024-RAAD-00010.pdf;Voorkeursrecht mogelijke windmolenlocaties;Duurzaamheid;2024-03-26;Arnold Vedder, Ton van Amerongen, Johannes Terpstra, Leon Pulles, M. Scheringa, RES-regio West-Overijssel, Provincie Overijssel, De Lende, Ossenzijlerweg, Kadaster;Collegebesluit van 9 januari 2024 (voorkeursrechtbeschikking), Omgevingswet, Omgevingsbesluit;Oldemarkt
Bijlage 6 - reactie besturen RSJ en GGD op zienswijze raad Olst-Wijhe (1).pdf;Reactie besturen GGD en RSJ op zienswijze gemeenteraad Olst-Wijhe;Zienswijze GR;;GGD, RSJ, Gemeenteraad Olst-Wijhe, GR RSJ;Zienswijze gemeenteraad Olst-Wijhe, Begroting 2026 (GGD/RSJ);
Bijlage 6 - Uitgezoomde grondtekening.pdf;Uitgezoomde grondtekening mogelijke opstelling windturbines Oldemarkt e.o.;Windturbines;2023-12-14;S.G. Zwerver;;Oldemarkt, Ossenzijl
bijlage 6 251029 BVR Stadsvisie Steenwijk definitief lowres spreads.pdf;Stadsvisie Steenwijk: stad en landschap dichtbij;Stadsvisie;2025-10-29;BVR adviseurs, Goudappel, Steenwijkertoren, Villa Rams Woerthe, Koloniën van Weldadigheid, Johan van den Kornput, Prins Maurits, Johannes Postkazerne;Omgevingsvisie Steenwijkerland, Stadsvisie Vollenhove, Stadsvisie Blokzijl, Participatieverslag Stadsvisie Steenwijk;Steenwijk Centrum / Binnenstad, Oostermeenthe, Woldmeenthe, Tuk, Paddenpoel en Kornputkwartier, Groot Verlaat, Dolderkanaal, Eeserwold
Bijlage 6 Aanmeldnotitie m.e.r..pdf;Aanmeldnotitie vormvrije m.e.r.-beoordeling Steenwijk - Jan Steenstraat;Woningbouw;2021-10-10;Adviesbureau Haver Droeze, Anita van Bommel, SVP, Lycens, Jan Steenstraat, Admiraal de Ruyterstraat, Vondelstraat, Rembrandtstraat, Paul Krugerstraat, Verlaatseweg, Bilderdijkstraat, Gasthuislaan, OBS De Samensprong, Basisschool De Wegwijzer, Woonzorgcentrum Voetelinkhuis, Tuba Moskee, Vrije Zendingsgemeente, Kindcentrum Willem Alexander;Bestemmingsplan ‘Steenwijk – Jan Steenstraat’, Bureauonderzoek en inventariserend veldonderzoek (BO en IVO-O), Jan Steenstraat, Steenwijk, 27 augustus 2021 (Lycens), VNG-publicatie 'Bedrijven en milieuzonering' (editie 2009), Wet milieubeheer, Besluit m.e.r., Europese Richtlijn Milieueffectbeoordeling (85/337/EEG);Steenwijk West
BIJLAGE 6 benchmark theatersubsidie.pdf;Benchmark theatersubsidie;Theatersubsidie;;Ogterop Meppel, De Tamboer Hoogeveen, Posthuis Heerenveen, T Voorhuis Emmeloord, Stadsgehoorzaal Kampen, Meenthe Steenwijk, Voorveghter Hardenberg, Theater Analyse Systeem;;
Bijlage 6 bij de toelichting - Watertoets.pdf;Watertoets Herziening bestemmingsplan Bergstein;Woningbouw;2021-03-22;Ruben Beens (Witpaard BV), Waterschap Drents Overijsselse Delta, Bart Mossel (Gemeente Steenwijkerland);Waterbeheerplan 2016-2021, Water Raakt!, Keur, verbreed gemeentelijke rioleringsplan (vGRP);Tuk
Bijlage 6 Informatienota 2021.pdf;Beëindiging voorbereiding toetreding Historisch Centrum Overijssel;Gemeentearchief;2021-12-14;Historisch Centrum Overijssel (HCO), T. Jongman, Roel Lensen, Johannes Terpstra, Rijk;Raadsbesluit 19 juni 2018;
BIJLAGE 6 Stappenplan bij uitzondering op een openbare selectieprocedure.pdf;Stappenplan bij uitzondering op een openbare selectieprocedure;Grondbeleid;;College, Civiele rechter;Uitgiftebeleid, Nota Grondbeleid;
Bijlage 6 van de toelichting - beleidskader voor kleine windmolens in de gemeente Steenwijkerland.pdf;Beleidskader voor kleine windmolens;Windenergie;2022-01-25;BCS, LTO, Bosch & Van Rijn, Energiecoöperaties;Raadsbesluit 25-01-2022, Motie 26 mei 2020, Uitgangspuntennotitie Kleine Windmolens, Locatieonderzoek kleine windmolens (2013), Landschapsontwikkelingsplan (LOP);Dolderkanaal, Groot Verlaat, Eeserwold, Oldemarkt
Bijlage 6- Overzicht gerelateerd beleid en bestaande samenwerkingsverbanden.pdf;Overzicht gerelateerd beleid en bestaande samenwerkingsverbanden;Gezondheidsbeleid;;GGD (GGD IJsselland), Sociaal Werk De Kop, kinderopvang, onderwijs (scholen, ROC's, besturen basisscholen), huisartsenpraktijken (Dokter Drenthe), verloskundigen (Verloskundigen Tjongerschans), kraamzorg, sportaanbieders, zorginstellingen (Noorderboog, thuiszorg, specialist ouderengeneeskunde), fysiotherapeuten, cultuurorganisaties (Meenthe, Cultuurklik, historische verenigingen), Taalpunt, de bibliotheek (Bibliotheek Kop van Overijssel), Tactus, Halt, politie, Noord West Groep (NWG), RIBW, Vluchtelingenwerk, woningcorporaties, VNN, Fietsersbond, Stichting Regenboog Steenwijkerland, Isala POP-poli, Stichting Lezen en Schrijven, provincie Overijssel, Omgevingsdienst IJsselland, Gemeenten IJsselland, Gemeenten regio IJssel-Vecht, Zorgverzekeraar, POH-er Jeugd GGZ;Preventief jeugdbeleid, Onderwijsachterstandenbeleid, Sport- en beweegbeleid, Cultuurbeleid, Beleidsplan laaggeletterdheid overgangsjaar 2023, Preventie- en handhavingsplan 2023-2026, Integraal veiligheidsplan 2023-2026, Visie op participatie 2020-2023, Armoede- en minimabeleid, Woonagenda Steenwijkerland 2022-2026, Mobiliteitsvisie en Fietsplan, Omgevingsvisie, Inclusiebeleid (regenboogbeleid 2022-2025), Steenwijkerlands Sport & Beweegakkoord, Gezond en Actief Leven Akkoord (GALA), Integraal Zorgakkoord (IZA);
Bijlage 7 - Korte juridische toelichting.pdf;Korte uitwerking van het voorkeursrecht;Vestiging voorkeursrecht windenergieproject;;College van burgemeester en wethouders, Gemeenteraad, Rechtbank, Afdeling bestuursrechtspraak van de Raad van State, Voorzieningenrechter;Omgevingswet, Omgevingsplan, Omgevingsvisie, Ontwerpraadsvoorstel-besluit;
Bijlage 7 - Standaard waterparagraaf.pdf;Digitale Watertoets - Standaard waterparagraaf korte procedure;Watertoets;2022-08-04;Waterschap Drents Overijsselse Delta;Waterbeheerplan 2016-2021, Water Raakt!, De Keur, verbreed gemeentelijke rioleringsplan (vGRP);
bijlage 7 Achtergrondrapportage mobiliteit - Stadsvisie Steenwijk.pdf;Achtergrondrapport mobiliteit Stadsvisie Steenwijk;Mobiliteit;2025-10-21;Gemeente Steenwijkerland, Regio Zwolle;Stadsvisie Steenwijk, Eerder uitgevoerde mobiliteitsstudie;Steenwijk Centrum / Binnenstad
Bijlage 7 Advies HCO OR.pdf;Advies Ondernemingsraad inzake toetreding tot GR HCO;Toetreding GR HCO;2025-08-19;M. de Graaf (Algemeen directeur / gemeentesecretaris), Ondernemingsraad Steenwijkerland, Historisch Centrum Overijssel (HCO), CNV, FNV, Deventer, Kermis- en Circusmuseum, Nienke Dirksen-Swenne, Luuk Slager;Adviesaanvraag d.d. 8 juli 2025, Collegevoorstel toetreding GR HCO, Onderzoeksrapport, Functiebeschrijvingen, Arbeidsvoorwaardenvergelijking, Reacties van CNV en FNV, Rapport van de gemeentearchivaris, Overlegvergadering 17 juli 2025;
Bijlage 7- Sustainable development goals (SDGs).pdf;Bijlage 7: Global goals;Gezondheidsbeleid;;;Gezondheidsbeleid 2023-2026;
Bijlage 8 - Concept-Zienswijze programmabegroting 2026, inclusief meerjarenraming 2027-2029.pdf;Zienswijze concept programmabegroting 2026 GGD IJsselland;Zienswijze GR;2025-06-24;GGD IJsselland, Alma van Bruggen, Annet ten Hoff, Rob Bats;Brief van 9 april 2025 inzake concept programmabegroting 2026, Brief van negen aangesloten gemeenten aan de vier gemeenschappelijke regelingen inzake bezuinigingsmogelijkheden;
Bijlage 8 - Financieel overzicht SPUK.pdf;Financieel overzicht SPUK;SPUK / Gezondheid en Preventie;;GGD, GGD IJsselland;Lokaal Sportakkoord, integraal uitvoeringsplan;
Bijlage 8 Ruimtescan_De Kamp.pdf;Ruimtescan De Kamp;Woningbouw;2025-06-10;Ruimtewerk, Bureau BVR, Zuidveen, Schansweg, Provincie Overijssel, Regio Zwolle;Afwegingskader wonen en werken Steenwijk 2040, 2024_RAAD_00068 De toekomst van wonen en werken in Steenwijk, Stadsvisie Steenwijk, Woonagenda Steenwijkerland 2022- 2026, Woondeal West-Overijssel 2025 t/m eind 2030, Regionale woonzorgvisie 2024-2026 West-Overijssel, Ambitiedocument, spoorzone Steenwijk 2040, Verstedelijkingstrategie Regio Zwolle;
Bijlage 8. Quick scan flora en fauna.pdf;Quickscan Wet natuurbescherming Kanaaldijk 5 te Giethoorn;Bestemmingsplanwijziging;2021-09-16;De Omgevingsadviseurs, Eco Reest BV, Provincie Overijssel;;Giethoorn
bijlage 9 Onderzoek Waterhuishouding De Kamp.pdf;Onderzoek Waterhuishouding De Kamp;Woningbouw en Waterhuishouding;2025-10-13;Sweco, Raad van State, Stichting Behoud De Kamp, N2000-gebied De Wieden, StAB, TNO, Royal Haskoning;Bestemmingsplan nieuwbouwlocatie De Kamp (2007), Uitspraak Raad van State, TNO Rapport (1994), TNO keileemkaart (2013), REGISII v2.2, Verkennend booronderzoek Royal Haskoning (2009), Keileemkartering Royal Haskoning (2019);
